run,file,metric,iops,throughput_mib_s,latency_us
run01,fio_rand_read.json,rand_read,66778.60738,260.853515625,59.464856530999995
run01,fio_rand_write.json,rand_write,923140.043692,3606.015625,1.463868563
run01,fio_seq_read.json,seq_read,3097.596747,3097.5966796875,320.465609
run01,fio_seq_write.json,seq_write,2451.341557,2451.3408203125,115.094145492
run02,fio_rand_read.json,rand_read,66974.267524,261.6181640625,59.310075098
run02,fio_rand_write.json,rand_write,928600.488014,3627.3447265625,1.287692449
run02,fio_seq_read.json,seq_read,3101.39662,3101.396484375,319.96319837699997
run02,fio_seq_write.json,seq_write,2414.967116,2414.966796875,116.467645471
run03,fio_rand_read.json,rand_read,66745.541815,260.724609375,59.436172963
run03,fio_rand_write.json,rand_write,903160.110123,3527.96875,1.373041441
run03,fio_seq_read.json,seq_read,3096.530116,3096.529296875,320.012761042
run03,fio_seq_write.json,seq_write,2632.978901,2632.978515625,95.484090743
run04,fio_rand_read.json,rand_read,66988.167061,261.671875,59.282855833
run04,fio_rand_write.json,rand_write,941794.341106,3678.8837890625,1.234463973
run04,fio_seq_read.json,seq_read,3090.530316,3090.5302734375,320.65543719199997
run04,fio_seq_write.json,seq_write,2585.805894,2585.8056640625,106.148682364
run05,fio_rand_read.json,rand_read,66898.270058,261.3212890625,59.369279319
run05,fio_rand_write.json,rand_write,912733.806333,3565.3662109375,1.279861987
run05,fio_seq_read.json,seq_read,3118.029399,3118.029296875,318.62308482599997
run05,fio_seq_write.json,seq_write,2475.756773,2475.755859375,116.93332982
run06,fio_rand_read.json,rand_read,66839.338689,261.0908203125,59.366102117000004
run06,fio_rand_write.json,rand_write,927973.018383,3624.89453125,1.2780234599999998
run06,fio_seq_read.json,seq_read,3088.897037,3088.896484375,320.781290418
run06,fio_seq_write.json,seq_write,2416.251246,2416.2509765625,116.732175545
run07,fio_rand_read.json,rand_read,66909.903003,261.3662109375,59.369881563
run07,fio_rand_write.json,rand_write,920910.646326,3597.306640625,1.288067066
run07,fio_seq_read.json,seq_read,3090.496983,3090.49609375,320.652935201
run07,fio_seq_write.json,seq_write,2414.646297,2414.6455078125,117.08656037399999
run08,fio_rand_read.json,rand_read,66648.178394,260.34375,59.506532050000004
run08,fio_rand_write.json,rand_write,937506.69324,3662.134765625,1.2754473089999998
run08,fio_seq_read.json,seq_read,3081.330622,3081.330078125,321.574239272
run08,fio_seq_write.json,seq_write,2500.066667,2500.06640625,116.46424440700001
run09,fio_rand_read.json,rand_read,66590.646978,260.119140625,59.595276518
run09,fio_rand_write.json,rand_write,930793.308452,3635.9111328125,1.255479213
run09,fio_seq_read.json,seq_read,3096.763441,3096.7626953125,319.933473479
run09,fio_seq_write.json,seq_write,2472.726671,2472.7265625,117.95609250499999
run10,fio_rand_read.json,rand_read,66824.739175,261.033203125,59.393157744999996
run10,fio_rand_write.json,rand_write,909951.28855,3554.4970703125,1.3693116399999998
run10,fio_seq_read.json,seq_read,3090.830306,3090.830078125,320.620691269
run10,fio_seq_write.json,seq_write,2461.884604,2461.8837890625,118.55960671
